titulo,anoLanzamiento,duracion,sinopsis
Pelicula 1,2021,167,Una gran aventura número 1.
Pelicula 2,2012,101,Una gran aventura número 2.
Pelicula 3,2025,99,Una gran aventura número 3.
Pelicula 4,2025,130,Una gran aventura número 4.
Pelicula 5,2013,147,Una gran aventura número 5.
Pelicula 6,2009,150,Una gran aventura número 6.
Pelicula 7,2009,105,Una gran aventura número 7.
Pelicula 8,1991,152,Una gran aventura número 8.
Pelicula 9,2024,177,Una gran aventura número 9.
Pelicula 10,2013,167,Una gran aventura número 10.
Pelicula 11,2007,162,Una gran aventura número 11.
Pelicula 12,2016,118,Una gran aventura número 12.
Pelicula 13,1992,140,Una gran aventura número 13.
Pelicula 14,2020,177,Una gran aventura número 14.
Pelicula 15,1994,94,Una gran aventura número 15.
Pelicula 16,1998,148,Una gran aventura número 16.
Pelicula 17,1992,145,Una gran aventura número 17.
Pelicula 18,2012,125,Una gran aventura número 18.
Pelicula 19,1994,134,Una gran aventura número 19.
Pelicula 20,1997,171,Una gran aventura número 20.
Pelicula 21,2006,140,Una gran aventura número 21.
Pelicula 22,2001,102,Una gran aventura número 22.
Pelicula 23,1999,167,Una gran aventura número 23.
Pelicula 24,1999,152,Una gran aventura número 24.
Pelicula 25,2006,126,Una gran aventura número 25.
Pelicula 26,2020,150,Una gran aventura número 26.
Pelicula 27,1992,176,Una gran aventura número 27.
Pelicula 28,2023,139,Una gran aventura número 28.
Pelicula 29,2005,124,Una gran aventura número 29.
Pelicula 30,1990,174,Una gran aventura número 30.
Pelicula 31,2016,107,Una gran aventura número 31.
Pelicula 32,2017,156,Una gran aventura número 32.
Pelicula 33,2019,110,Una gran aventura número 33.
Pelicula 34,2000,101,Una gran aventura número 34.
Pelicula 35,2018,173,Una gran aventura número 35.
Pelicula 36,2011,118,Una gran aventura número 36.
Pelicula 37,2013,170,Una gran aventura número 37.
Pelicula 38,2025,153,Una gran aventura número 38.
Pelicula 39,1992,93,Una gran aventura número 39.
Pelicula 40,1990,125,Una gran aventura número 40.
Pelicula 41,2025,100,Una gran aventura número 41.
Pelicula 42,2023,169,Una gran aventura número 42.
Pelicula 43,1997,129,Una gran aventura número 43.
Pelicula 44,1993,100,Una gran aventura número 44.
Pelicula 45,2005,177,Una gran aventura número 45.
Pelicula 46,1991,104,Una gran aventura número 46.
Pelicula 47,2011,92,Una gran aventura número 47.
Pelicula 48,2021,179,Una gran aventura número 48.
Pelicula 49,2020,168,Una gran aventura número 49.
Pelicula 50,2015,99,Una gran aventura número 50.
Pelicula 51,2019,115,Una gran aventura número 51.
Pelicula 52,2025,112,Una gran aventura número 52.
Pelicula 53,2023,165,Una gran aventura número 53.
Pelicula 54,2012,171,Una gran aventura número 54.
Pelicula 55,2007,165,Una gran aventura número 55.
Pelicula 56,2007,174,Una gran aventura número 56.
Pelicula 57,1992,159,Una gran aventura número 57.
Pelicula 58,2009,103,Una gran aventura número 58.
Pelicula 59,1994,134,Una gran aventura número 59.
Pelicula 60,2013,168,Una gran aventura número 60.
Pelicula 61,2006,104,Una gran aventura número 61.
Pelicula 62,2000,110,Una gran aventura número 62.
Pelicula 63,2020,174,Una gran aventura número 63.
Pelicula 64,2023,142,Una gran aventura número 64.
Pelicula 65,1996,92,Una gran aventura número 65.
Pelicula 66,2005,91,Una gran aventura número 66.
Pelicula 67,2009,127,Una gran aventura número 67.
Pelicula 68,1999,107,Una gran aventura número 68.
Pelicula 69,2009,169,Una gran aventura número 69.
Pelicula 70,2017,148,Una gran aventura número 70.
Pelicula 71,2007,134,Una gran aventura número 71.
Pelicula 72,2008,99,Una gran aventura número 72.
Pelicula 73,2021,101,Una gran aventura número 73.
Pelicula 74,2002,100,Una gran aventura número 74.
Pelicula 75,2009,179,Una gran aventura número 75.
Pelicula 76,1999,175,Una gran aventura número 76.
Pelicula 77,2000,121,Una gran aventura número 77.
Pelicula 78,2004,148,Una gran aventura número 78.
Pelicula 79,2003,161,Una gran aventura número 79.
Pelicula 80,2024,152,Una gran aventura número 80.
Pelicula 81,2014,115,Una gran aventura número 81.
Pelicula 82,1991,90,Una gran aventura número 82.
Pelicula 83,2021,100,Una gran aventura número 83.
Pelicula 84,1994,169,Una gran aventura número 84.
Pelicula 85,2014,131,Una gran aventura número 85.
Pelicula 86,2004,162,Una gran aventura número 86.
Pelicula 87,2003,97,Una gran aventura número 87.
Pelicula 88,2005,134,Una gran aventura número 88.
Pelicula 89,2000,179,Una gran aventura número 89.
Pelicula 90,2004,119,Una gran aventura número 90.
Pelicula 91,2020,128,Una gran aventura número 91.
Pelicula 92,2005,101,Una gran aventura número 92.
Pelicula 93,2015,171,Una gran aventura número 93.
Pelicula 94,1994,122,Una gran aventura número 94.
Pelicula 95,2024,147,Una gran aventura número 95.
Pelicula 96,2021,176,Una gran aventura número 96.
Pelicula 97,2016,162,Una gran aventura número 97.
Pelicula 98,2020,155,Una gran aventura número 98.
Pelicula 99,2004,138,Una gran aventura número 99.
Pelicula 100,1991,93,Una gran aventura número 100.
Pelicula 101,1996,177,Una gran aventura número 101.
Pelicula 102,2009,108,Una gran aventura número 102.
Pelicula 103,1997,92,Una gran aventura número 103.
Pelicula 104,2010,124,Una gran aventura número 104.
Pelicula 105,2010,125,Una gran aventura número 105.
Pelicula 106,2008,159,Una gran aventura número 106.
Pelicula 107,2025,110,Una gran aventura número 107.
Pelicula 108,2005,104,Una gran aventura número 108.
Pelicula 109,2009,108,Una gran aventura número 109.
Pelicula 110,2015,90,Una gran aventura número 110.
Pelicula 111,2009,91,Una gran aventura número 111.
Pelicula 112,2005,101,Una gran aventura número 112.
Pelicula 113,2023,102,Una gran aventura número 113.
Pelicula 114,2012,106,Una gran aventura número 114.
Pelicula 115,2004,112,Una gran aventura número 115.
Pelicula 116,2000,156,Una gran aventura número 116.
Pelicula 117,1996,117,Una gran aventura número 117.
Pelicula 118,2002,119,Una gran aventura número 118.
Pelicula 119,2009,115,Una gran aventura número 119.
Pelicula 120,1993,136,Una gran aventura número 120.
Pelicula 121,2015,111,Una gran aventura número 121.
Pelicula 122,2022,174,Una gran aventura número 122.
Pelicula 123,2013,148,Una gran aventura número 123.
Pelicula 124,2011,113,Una gran aventura número 124.
Pelicula 125,2021,96,Una gran aventura número 125.
Pelicula 126,2025,169,Una gran aventura número 126.
Pelicula 127,2002,108,Una gran aventura número 127.
Pelicula 128,2018,108,Una gran aventura número 128.
Pelicula 129,1992,154,Una gran aventura número 129.
Pelicula 130,2022,154,Una gran aventura número 130.
Pelicula 131,2024,126,Una gran aventura número 131.
Pelicula 132,2021,142,Una gran aventura número 132.
Pelicula 133,2010,108,Una gran aventura número 133.
Pelicula 134,2020,105,Una gran aventura número 134.
Pelicula 135,1997,121,Una gran aventura número 135.
Pelicula 136,2022,102,Una gran aventura número 136.
Pelicula 137,2005,112,Una gran aventura número 137.
Pelicula 138,2003,125,Una gran aventura número 138.
Pelicula 139,1999,101,Una gran aventura número 139.
Pelicula 140,1998,171,Una gran aventura número 140.
Pelicula 141,2011,169,Una gran aventura número 141.
Pelicula 142,2018,178,Una gran aventura número 142.
Pelicula 143,2022,169,Una gran aventura número 143.
Pelicula 144,2009,131,Una gran aventura número 144.
Pelicula 145,1993,161,Una gran aventura número 145.
Pelicula 146,2022,129,Una gran aventura número 146.
Pelicula 147,2021,94,Una gran aventura número 147.
Pelicula 148,1998,163,Una gran aventura número 148.
Pelicula 149,2016,174,Una gran aventura número 149.
Pelicula 150,1999,153,Una gran aventura número 150.
Pelicula 151,1994,109,Una gran aventura número 151.
Pelicula 152,2011,179,Una gran aventura número 152.
Pelicula 153,1995,151,Una gran aventura número 153.
Pelicula 154,2006,162,Una gran aventura número 154.
Pelicula 155,1992,168,Una gran aventura número 155.
Pelicula 156,1992,139,Una gran aventura número 156.
Pelicula 157,2010,134,Una gran aventura número 157.
Pelicula 158,2013,160,Una gran aventura número 158.
Pelicula 159,2015,158,Una gran aventura número 159.
Pelicula 160,2025,152,Una gran aventura número 160.
Pelicula 161,1991,103,Una gran aventura número 161.
Pelicula 162,2021,165,Una gran aventura número 162.
Pelicula 163,1994,99,Una gran aventura número 163.
Pelicula 164,1996,101,Una gran aventura número 164.
Pelicula 165,2024,133,Una gran aventura número 165.
Pelicula 166,1997,170,Una gran aventura número 166.
Pelicula 167,1998,175,Una gran aventura número 167.
Pelicula 168,2023,108,Una gran aventura número 168.
Pelicula 169,2016,114,Una gran aventura número 169.
Pelicula 170,1997,118,Una gran aventura número 170.
Pelicula 171,1993,123,Una gran aventura número 171.
Pelicula 172,2016,141,Una gran aventura número 172.
Pelicula 173,2004,96,Una gran aventura número 173.
Pelicula 174,1990,108,Una gran aventura número 174.
Pelicula 175,1997,176,Una gran aventura número 175.
Pelicula 176,2012,152,Una gran aventura número 176.
Pelicula 177,1999,95,Una gran aventura número 177.
Pelicula 178,2000,158,Una gran aventura número 178.
Pelicula 179,2006,110,Una gran aventura número 179.
Pelicula 180,1997,116,Una gran aventura número 180.
Pelicula 181,2009,124,Una gran aventura número 181.
Pelicula 182,2015,92,Una gran aventura número 182.
Pelicula 183,2022,134,Una gran aventura número 183.
Pelicula 184,2007,151,Una gran aventura número 184.
Pelicula 185,1997,173,Una gran aventura número 185.
Pelicula 186,2022,176,Una gran aventura número 186.
Pelicula 187,2001,102,Una gran aventura número 187.
Pelicula 188,2012,156,Una gran aventura número 188.
Pelicula 189,2021,114,Una gran aventura número 189.
Pelicula 190,2000,104,Una gran aventura número 190.
Pelicula 191,2002,158,Una gran aventura número 191.
Pelicula 192,2025,116,Una gran aventura número 192.
Pelicula 193,1994,92,Una gran aventura número 193.
Pelicula 194,2020,158,Una gran aventura número 194.
Pelicula 195,2022,179,Una gran aventura número 195.
Pelicula 196,2020,115,Una gran aventura número 196.
Pelicula 197,2011,127,Una gran aventura número 197.
Pelicula 198,2008,163,Una gran aventura número 198.
Pelicula 199,1993,168,Una gran aventura número 199.
Pelicula 200,1999,105,Una gran aventura número 200.
